GC Start at	50430219021285
GC Ended at	50430221841477
Do Compaction Ended	50430224510449
Backgound Compaction Ended	50430227165692
Backgound Compaction Start	50430227294912
Do Compaction Start	50430227451461
GC Start at	50430238269752
GC Ended at	50430259767935
GC Start at	50430282477692
GC Ended at	50430290437222
GC Start at	50430292994248
GC Ended at	50430294502247
GC Start at	50430297012369
GC Ended at	50430298302153
GC Start at	50430301074201
GC Ended at	50430311421031
GC Start at	50430314177291
GC Ended at	50430315538170
GC Start at	50430318132758
GC Ended at	50430326544863
GC Start at	50430329202237
GC Ended at	50430330436751
GC Start at	50430333045034
GC Ended at	50430334568490
GC Start at	50430337223282
GC Ended at	50430339161176
GC Start at	50430341743329
GC Ended at	50430342929973
GC Start at	50430345593146
GC Ended at	50430356769880
GC Start at	50430359351488
GC Ended at	50430360968008
GC Start at	50430362745313
GC Ended at	50430363749917
GC Start at	50430365492881
GC Ended at	50430372871358
GC Start at	50430374876334
GC Ended at	50430376116241
GC Start at	50430378085710
GC Ended at	50430392667863
GC Start at	50430394565020
GC Ended at	50430395811559
GC Start at	50430468277237
GC Ended at	50430469751349
GC Start at	50430485726982
GC Ended at	50430504171056
GC Start at	50430527477942
GC Ended at	50430535138458
Finish Compaction Start	50430558023559
GC Start at	50430560609733
GC Ended at	50430563265416
GC Start at	50430578998372
GC Ended at	50430581316472
GC Start at	50430596776327
GC Ended at	50430599035813
GC Start at	50430614621615
GC Ended at	50430616896877
Finish Compaction Ended	50430630153845
GC Start at	50430632585796
GC Ended at	50430634831216
Do Compaction Ended	50430637779024
Backgound Compaction Ended	50430640474516
Backgound Compaction Start	50430640495013
Do Compaction Start	50430640541241
GC Start at	50430651369461
GC Ended at	50430662981970
GC Start at	50430678599084
GC Ended at	50430685063057
GC Start at	50430692464899
GC Ended at	50430694122292
GC Start at	50430695768700
GC Ended at	50430706422421
GC Start at	50430708486421
GC Ended at	50430709843616
GC Start at	50430711738255
GC Ended at	50430712993262
GC Start at	50430714977275
GC Ended at	50430716377125
GC Start at	50430718309942
Finish Compaction Start	50430719077270
GC Ended at	50430720540443
GC Start at	50430722685422
GC Ended at	50430724079600
GC Start at	50430726125847
GC Ended at	50430727203755
GC Start at	50430728965348
GC Ended at	50430729936790
GC Start at	50430731715490
GC Ended at	50430732851787
GC Start at	50430734595574
GC Ended at	50430735687364
GC Start at	50430737459829
GC Ended at	50430738593540
GC Start at	50430740378452
GC Ended at	50430741419941
GC Start at	50430743155167
GC Ended at	50430744245789
Finish Compaction Ended	50430744586132
GC Start at	50430746131859
Do Compaction Ended	50430762328570
GC Ended at	50430763892809
Backgound Compaction Ended	50430764016877
Backgound Compaction Start	50430764034198
GC Start at	50430765864785
GC Ended at	50430766919352
GC Start at	50430768675037
Backgound Compaction Ended	50430769239553
Backgound Compaction Start	50430769247757
Backgound Compaction Ended	50430778958332
Backgound Compaction Start	50430778968900
GC Ended at	50430779667475
Backgound Compaction Ended	50430781674622
Backgound Compaction Start	50430781685761
Backgound Compaction Ended	50430791369497
Backgound Compaction Start	50430791378648
Backgound Compaction Ended	50430801100819
Backgound Compaction Start	50430801110973
Do Compaction Start	50430801125193
GC Start at	50430872515839
GC Ended at	50430874933573
GC Start at	50430898635258
GC Ended at	50430901913648
GC Start at	50430925679347
GC Ended at	50430929490043
GC Start at	50430946206955
GC Ended at	50430948756698
GC Start at	50430964981745
GC Ended at	50430970805474
GC Start at	50430986385247
GC Ended at	50431005563597
GC Start at	50431022703731
GC Ended at	50431025069867
GC Start at	50431040511318
GC Ended at	50431061422989
GC Start at	50431077466251
GC Ended at	50431081227494
Finish Compaction Start	50431090290242
GC Start at	50431096807077
GC Ended at	50431099072275
GC Start at	50431100731333
GC Ended at	50431101856743
GC Start at	50431103597610
GC Ended at	50431104766008
GC Start at	50431106517620
GC Ended at	50431107726955
GC Start at	50431109548657
GC Ended at	50431110674289
GC Start at	50431112466642
GC Ended at	50431113499036
GC Start at	50431115246615
GC Ended at	50431116392739
GC Start at	50431118136605
GC Ended at	50431119144850
GC Start at	50431120934921
GC Ended at	50431122035010
GC Start at	50431123792705
GC Ended at	50431124784167
GC Start at	50431126523764
GC Ended at	50431127536808
GC Start at	50431129276281
GC Ended at	50431130476006
GC Start at	50431132230770
GC Ended at	50431133276645
GC Start at	50431135003664
GC Ended at	50431136121952
GC Start at	50431137862537
GC Ended at	50431138871226
GC Start at	50431140637463
GC Ended at	50431141635396
GC Start at	50431143383396
GC Ended at	50431144501726
Finish Compaction Ended	50431165068492
GC Start at	50431204579208
GC Ended at	50431206215849
GC Start at	50431222340920
GC Ended at	50431226466233
GC Start at	50431242762431
GC Ended at	50431248486330
GC Start at	50431264213116
GC Ended at	50431266773479
GC Start at	50431282525312
GC Ended at	50431297350325
GC Start at	50431320306412
GC Ended at	50431323920407
Finish Compaction Start	50431329522989
GC Start at	50431344918081
GC Ended at	50431347871000
GC Start at	50431364164519
GC Ended at	50431366389300
GC Start at	50431381945721
GC Ended at	50431384191411
GC Start at	50431399758490
GC Ended at	50431402170324
Finish Compaction Ended	50431408970035
GC Start at	50431409794842
GC Ended at	50431411537757
GC Start at	50431413177600
GC Ended at	50431417540143
GC Start at	50431419514641
GC Ended at	50431420903393
GC Start at	50431422702980
GC Ended at	50431423977243
GC Start at	50431425853475
GC Ended at	50431427505159
GC Start at	50431429360252
GC Ended at	50431430587352
GC Start at	50431432450021
GC Ended at	50431433688394
GC Start at	50431435578118
GC Ended at	50431436711552
GC Start at	50431438732683
GC Ended at	50431439882058
GC Start at	50431441773432
GC Ended at	50431453796682
GC Start at	50431456373059
GC Ended at	50431457666563
GC Start at	50431460351033
GC Ended at	50431467279532
GC Start at	50431469874579
GC Ended at	50431471165517
GC Start at	50431473691381
GC Ended at	50431474913858
GC Start at	50431477448314
GC Ended at	50431492438156
GC Start at	50431495002416
GC Ended at	50431496350488
GC Start at	50431499049133
GC Ended at	50431501700855
GC Start at	50431565906040
GC Ended at	50431568012393
GC Start at	50431584025579
GC Ended at	50431597107757
Finish Compaction Start	50431602543284
GC Start at	50431619149154
GC Ended at	50431621905369
GC Start at	50431637837848
GC Ended at	50431639947440
GC Start at	50431655840399
GC Ended at	50431658164189
GC Start at	50431673750416
GC Ended at	50431676017151
Finish Compaction Ended	50431678111306
GC Start at	50431692094737
GC Ended at	50431694668273
GC Start at	50431710528345
GC Ended at	50431729050883
GC Start at	50431744669591
GC Ended at	50431747891868
Finish Compaction Start	50431752653787
GC Start at	50431769315201
GC Ended at	50431772188494
GC Start at	50431774596032
GC Ended at	50431776024331
GC Start at	50431778514122
GC Ended at	50431779803473
GC Start at	50431782368768
GC Ended at	50431783699138
Finish Compaction Ended	50431786255255
GC Start at	50431786645722
GC Ended at	50431788320613
GC Start at	50431790866170
GC Ended at	50431791961699
GC Start at	50431793749553
Do Compaction Ended	50431794212877
GC Ended at	50431796541683
GC Start at	50431798663256
Backgound Compaction Ended	50431799471006
Backgound Compaction Start	50431799502897
GC Ended at	50431811150386
Backgound Compaction Ended	50431811488492
Backgound Compaction Start	50431811498661
GC Start at	50431813375419
GC Ended at	50431815877950
GC Start at	50431817934287
GC Ended at	50431820613785
GC Start at	50431822624198
GC Ended at	50431825138850
GC Start at	50431827349598
GC Ended at	50431831482256
GC Start at	50431833544388
GC Ended at	50431836096029
GC Start at	50431838513440
GC Ended at	50431842295684
GC Start at	50431844477841
GC Ended at	50431846035777
GC Start at	50431848750492
GC Ended at	50431851573983
GC Start at	50431853656724
GC Ended at	50431856060790
GC Start at	50431931570622
GC Ended at	50431933182595
GC Start at	50431949409638
GC Ended at	50431953066264
GC Start at	50431976596995
GC Ended at	50431979346720
GC Start at	50431995392962
GC Ended at	50431997518628
GC Start at	50432013705118
GC Ended at	50432015930139
GC Start at	50432031578144
GC Ended at	50432033949233
GC Start at	50432049380913
GC Ended at	50432051601026
GC Start at	50432067597508
GC Ended at	50432070176587
GC Start at	50432086114286
GC Ended at	50432088624122
GC Start at	50432105635761
GC Ended at	50432107985493
GC Start at	50432116700504
GC Ended at	50432118467527
GC Start at	50432120066907
GC Ended at	50432121132260
GC Start at	50432122827925
GC Ended at	50432124001017
GC Start at	50432125745285
GC Ended at	50432126777514
GC Start at	50432128554331
GC Ended at	50432129712357
GC Start at	50432131477456
GC Ended at	50432132535394
GC Start at	50432134293059
GC Ended at	50432135315927
GC Start at	50432137056828
GC Ended at	50432138223156
GC Start at	50432139963996
GC Ended at	50432140993715
GC Start at	50432142736480
GC Ended at	50432143845542
GC Start at	50432145588551
GC Ended at	50432146600859
GC Start at	50432148348697
GC Ended at	50432149381201
GC Start at	50432151136134
GC Ended at	50432152276069
GC Start at	50432154035365
GC Ended at	50432155014835
GC Start at	50432156788096
GC Ended at	50432157927663
GC Start at	50432159669627
GC Ended at	50432160681240
GC Start at	50432162417375
GC Ended at	50432163437921
Backgound Compaction Ended	50432186100957
Backgound Compaction Start	50432186132201
Backgound Compaction Ended	50432196664162
Backgound Compaction Start	50432196669701
GC Start at	50432238411624
GC Ended at	50432241269693
GC Start at	50432259434518
GC Ended at	50432263066927
GC Start at	50432280711253
GC Ended at	50432283594163
GC Start at	50432301324383
GC Ended at	50432304392885
GC Start at	50432320936909
GC Ended at	50432323771313
GC Start at	50432339941816
GC Ended at	50432342648902
GC Start at	50432363437041
GC Ended at	50432365889477
GC Start at	50432381595308
GC Ended at	50432383853245
GC Start at	50432399208956
GC Ended at	50432401278522
GC Start at	50432416849280
GC Ended at	50432419279314
GC Start at	50432422877582
GC Ended at	50432424332979
GC Start at	50432426000820
GC Ended at	50432427098811
GC Start at	50432428745159
GC Ended at	50432429771954
GC Start at	50432431541623
GC Ended at	50432432675819
GC Start at	50432434443808
GC Ended at	50432435533994
GC Start at	50432437306064
GC Ended at	50432438313020
GC Start at	50432440128732
GC Ended at	50432441337534
GC Start at	50432443077194
GC Ended at	50432444078799
GC Start at	50432445846679
GC Ended at	50432446975242
GC Start at	50432448731310
GC Ended at	50432449750397
GC Start at	50432451538864
GC Ended at	50432452545621
GC Start at	50432454274244
GC Ended at	50432455528819
GC Start at	50432457280945
GC Ended at	50432458345008
GC Start at	50432460116800
GC Ended at	50432461249771
GC Start at	50432463043420
GC Ended at	50432464128180
GC Start at	50432465871222
GC Ended at	50432466884379
GC Start at	50432468690742
GC Ended at	50432469822931
GC Start at	50432524477342
GC Ended at	50432526685937
GC Start at	50432542190888
GC Ended at	50432544620088
GC Start at	50432559961661
GC Ended at	50432562342747
GC Start at	50432577650652
GC Ended at	50432579969154
GC Start at	50432595357200
GC Ended at	50432597494557
GC Start at	50432613258104
GC Ended at	50432616099349
GC Start at	50432631996911
GC Ended at	50432634173363
GC Start at	50432649463733
GC Ended at	50432651596708
GC Start at	50432667655224
GC Ended at	50432670047144
GC Start at	50432682977248
GC Ended at	50432685066291
GC Start at	50432686682286
GC Ended at	50432687792051
GC Start at	50432689493563
GC Ended at	50432690695292
GC Start at	50432692461451
GC Ended at	50432693641274
GC Start at	50432695423145
GC Ended at	50432696458084
GC Start at	50432698193107
GC Ended at	50432699313071
GC Start at	50432701078388
GC Ended at	50432702094679
GC Start at	50432703833002
GC Ended at	50432704997233
GC Start at	50432707156180
GC Ended at	50432712709696
Backgound Compaction Ended	50432715170535
Backgound Compaction Start	50432715201318
GC Start at	50432715398604
GC Ended at	50432716844498
GC Start at	50432719432780
Backgound Compaction Ended	50432721542876
Backgound Compaction Start	50432721565139
GC Ended at	50432721986387
GC Start at	50432724592268
GC Ended at	50432725799788
GC Start at	50432728351012
Backgound Compaction Ended	50432728629886
Backgound Compaction Start	50432728655854
Do Compaction Start	50432728693255
GC Ended at	50432730091424
GC Start at	50432732807360
GC Ended at	50432752491799
GC Start at	50432755183018
GC Ended at	50432756533788
GC Start at	50432759079683
GC Ended at	50432767847957
GC Start at	50432770501843
GC Ended at	50432771702429
GC Start at	50432830994309
GC Ended at	50432832478771
GC Start at	50432848605117
GC Ended at	50432863141703
GC Start at	50432886171384
GC Ended at	50432900162278
GC Start at	50432923165817
GC Ended at	50432926462309
GC Start at	50432946270768
GC Ended at	50432948667585
GC Start at	50432964413867
GC Ended at	50432973186038
GC Start at	50432988736195
GC Ended at	50432998376902
GC Start at	50433020936040
GC Ended at	50433023596504
GC Start at	50433046305028
GC Ended at	50433056976511
GC Start at	50433074206117
Finish Compaction Start	50433076404661
GC Ended at	50433077830570
GC Start at	50433087721421
GC Ended at	50433089594812
GC Start at	50433091267515
GC Ended at	50433092574428
GC Start at	50433094332274
GC Ended at	50433095457207
GC Start at	50433097236151
GC Ended at	50433098246910
GC Start at	50433100066083
GC Ended at	50433101249939
GC Start at	50433103009096
GC Ended at	50433104029085
GC Start at	50433105764841
GC Ended at	50433106890319
GC Start at	50433108645211
GC Ended at	50433109660063
GC Start at	50433111468191
GC Ended at	50433112498865
GC Start at	50433114240724
GC Ended at	50433115375901
GC Start at	50433117108444
GC Ended at	50433118137291
GC Start at	50433119888692
GC Ended at	50433121077684
GC Start at	50433122829562
GC Ended at	50433123821426
GC Start at	50433125599998
GC Ended at	50433126585243
GC Start at	50433128316084
GC Ended at	50433129458462
GC Start at	50433131281615
GC Ended at	50433132314776
GC Start at	50433134088019
GC Ended at	50433135210302
GC Start at	50433182885804
GC Ended at	50433184757602
GC Start at	50433200591123
GC Ended at	50433203084571
GC Start at	50433218265341
GC Ended at	50433220460343
Finish Compaction Ended	50433229268388
GC Start at	50433235904676
GC Ended at	50433251500365
GC Start at	50433274963725
GC Ended at	50433287102434
GC Start at	50433303967948
GC Ended at	50433314117436
GC Start at	50433329381127
GC Ended at	50433331473850
GC Start at	50433346867908
GC Ended at	50433356916702
GC Start at	50433372926841
GC Ended at	50433375980630
GC Start at	50433391210830
GC Ended at	50433393775139
GC Start at	50433399065378
GC Ended at	50433405263532
GC Start at	50433407118765
GC Ended at	50433408533192
GC Start at	50433410446392
GC Ended at	50433411849214
GC Start at	50433413826557
GC Ended at	50433415063337
GC Start at	50433417063359
GC Ended at	50433418225087
GC Start at	50433420137081
GC Ended at	50433424652341
GC Start at	50433426552669
GC Ended at	50433427617609
GC Start at	50433429381862
GC Ended at	50433437534029
GC Start at	50433439495051
GC Ended at	50433440860612
GC Start at	50433442768791
GC Ended at	50433444032949
GC Start at	50433445966085
GC Ended at	50433447396293
GC Start at	50433449360839
GC Ended at	50433450519380
GC Start at	50433452471897
GC Ended at	50433455994606
Finish Compaction Start	50433456480571
GC Start at	50433459492194
GC Ended at	50433460830754
GC Start at	50433462686166
GC Ended at	50433463792944
GC Start at	50433465639983
GC Ended at	50433466894644
GC Start at	50433468672979
GC Ended at	50433469771286
GC Start at	50433527018926
GC Ended at	50433529411981
GC Start at	50433544720755
GC Ended at	50433546950372
GC Start at	50433562863425
GC Ended at	50433565108935
GC Start at	50433580167027
GC Ended at	50433582440219
GC Start at	50433597851560
GC Ended at	50433600208316
Finish Compaction Ended	50433606580573
GC Start at	50433615698780
GC Ended at	50433618051180
GC Start at	50433633849102
GC Ended at	50433641838278
GC Start at	50433657189220
GC Ended at	50433660316016
GC Start at	50433676554645
GC Ended at	50433679068195
GC Start at	50433692692520
GC Ended at	50433697183687
GC Start at	50433700101419
GC Ended at	50433701479190
GC Start at	50433703241862
GC Ended at	50433707192988
GC Start at	50433709014281
GC Ended at	50433710145287
GC Start at	50433711952063
GC Ended at	50433721890629
GC Start at	50433723733888
GC Ended at	50433724864748
GC Start at	50433726645694
GC Ended at	50433727689040
GC Start at	50433729445619
GC Ended at	50433730774986
GC Start at	50433733262959
GC Ended at	50433735100430
Finish Compaction Start	50433735758185
GC Start at	50433738638273
GC Ended at	50433740397502
GC Start at	50433742435135
GC Ended at	50433743584946
GC Start at	50433745495339
GC Ended at	50433746562495
GC Start at	50433748332262
GC Ended at	50433749581338
GC Start at	50433751435180
GC Ended at	50433752555704
GC Start at	50433754352638
GC Ended at	50433755602067
GC Start at	50433757380740
GC Ended at	50433758418189
GC Start at	50433760184089
GC Ended at	50433761213721
GC Start at	50433807693379
GC Ended at	50433809300256
GC Start at	50433824833438
GC Ended at	50433827081086
GC Start at	50433842165612
GC Ended at	50433844718618
GC Start at	50433860065422
GC Ended at	50433863106689
Finish Compaction Ended	50433865963372
GC Start at	50433878711811
GC Ended at	50433881360951
GC Start at	50433897356877
GC Ended at	50433900349624
Finish Compaction Start	50433903087165
GC Start at	50433916403957
GC Ended at	50433918849847
GC Start at	50433934034289
GC Ended at	50433936598786
Finish Compaction Ended	50433946137619
Do Compaction Ended	50433951790575
GC Start at	50433952034424
GC Ended at	50433956682853
Backgound Compaction Ended	50433957185625
Backgound Compaction Start	50433957202871
Do Compaction Start	50433957261873
GC Start at	50433971980487
GC Ended at	50434093243072
GC Start at	50434112119744
GC Ended at	50434115300296
GC Start at	50434117848649
GC Ended at	50434119750785
GC Start at	50434122772029
GC Ended at	50434126191609
GC Start at	50434129036848
GC Ended at	50434131528680
GC Start at	50434134570466
GC Ended at	50434138001725
GC Start at	50434140746869
GC Ended at	50434142361987
GC Start at	50434144330333
GC Ended at	50434148051210
GC Start at	50434150302763
GC Ended at	50434153772201
GC Start at	50434155959055
GC Ended at	50434159649079
GC Start at	50434161692402
GC Ended at	50434164026395
GC Start at	50434166506792
GC Ended at	50434169039222
GC Start at	50434171676479
GC Ended at	50434174447504
GC Start at	50434176981765
GC Ended at	50434181948991
GC Start at	50434183932392
GC Ended at	50434185459298
GC Start at	50434187319036
GC Ended at	50434188678836
GC Start at	50434190628493
GC Ended at	50434191786478
GC Start at	50434193605396
GC Ended at	50434194850778
GC Start at	50434262635804
GC Ended at	50434264239498
GC Start at	50434279829212
GC Ended at	50434282182014
GC Start at	50434297564253
GC Ended at	50434299915805
GC Start at	50434315156290
GC Ended at	50434317365050
GC Start at	50434332256344
GC Ended at	50434334553948
GC Start at	50434349723695
GC Ended at	50434352020247
GC Start at	50434367712268
GC Ended at	50434370375069
GC Start at	50434385777004
GC Ended at	50434388013859
GC Start at	50434403805684
GC Ended at	50434406361297
GC Start at	50434422462063
GC Ended at	50434424905156
GC Start at	50434432916246
GC Ended at	50434434664610
GC Start at	50434436485419
GC Ended at	50434437639074
GC Start at	50434439386514
GC Ended at	50434440838928
GC Start at	50434442610990
GC Ended at	50434443639093
GC Start at	50434445389280
GC Ended at	50434446532000
GC Start at	50434448282709
GC Ended at	50434449344153
GC Start at	50434451179077
GC Ended at	50434452197040
GC Start at	50434453971914
GC Ended at	50434455222963
GC Start at	50434456965679
GC Ended at	50434458040927
GC Start at	50434459796270
GC Ended at	50434460962383
GC Start at	50434462820002
GC Ended at	50434463968062
GC Start at	50434465736592
GC Ended at	50434466740910
GC Start at	50434468477143
GC Ended at	50434469645466
GC Start at	50434471474817
GC Ended at	50434472480074
GC Start at	50434474261727
GC Ended at	50434475413929
GC Start at	50434477164732
GC Ended at	50434478174540
GC Start at	50434479918684
GC Ended at	50434481018130
GC Start at	50434533604480
GC Ended at	50434535847205
GC Start at	50434551402961
GC Ended at	50434553843755
GC Start at	50434568974467
GC Ended at	50434571211589
GC Start at	50434586431180
GC Ended at	50434588776109
GC Start at	50434603635486
GC Ended at	50434605820495
GC Start at	50434620946209
GC Ended at	50434623124037
GC Start at	50434639156310
GC Ended at	50434641876019
GC Start at	50434657761590
GC Ended at	50434660766982
GC Start at	50434676117409
GC Ended at	50434678229309
GC Start at	50434693337109
GC Ended at	50434695555155
GC Start at	50434699115492
GC Ended at	50434700569285
GC Start at	50434702192841
GC Ended at	50434703228546
GC Start at	50434704891832
GC Ended at	50434705956775
GC Start at	50434707727980
GC Ended at	50434708889697
GC Start at	50434710655608
GC Ended at	50434711679821
GC Start at	50434713454307
GC Ended at	50434714623935
GC Start at	50434716378161
GC Ended at	50434717397117
GC Start at	50434719135440
GC Ended at	50434720185065
GC Start at	50434721924105
GC Ended at	50434723078317
GC Start at	50434724830767
GC Ended at	50434725862496
GC Start at	50434727632311
GC Ended at	50434728785365
GC Start at	50434730579540
GC Ended at	50434731614753
GC Start at	50434733355436
GC Ended at	50434734395095
GC Start at	50434736149731
GC Ended at	50434737328010
GC Start at	50434739077949
GC Ended at	50434740110753
GC Start at	50434741846907
GC Ended at	50434743007320
GC Start at	50434744818173
GC Ended at	50434745828816
GC Start at	50434799297819
GC Ended at	50434801586694
GC Start at	50434817138868
GC Ended at	50434819434266
GC Start at	50434834595787
GC Ended at	50434836973303
GC Start at	50434852052485
GC Ended at	50434854353460
GC Start at	50434869653743
GC Ended at	50434871833176
GC Start at	50434886835607
GC Ended at	50434889174685
GC Start at	50434904436181
GC Ended at	50434906729746
GC Start at	50434921772181
GC Ended at	50434923886764
GC Start at	50434939020404
GC Ended at	50434941579224
GC Start at	50434956228800
GC Ended at	50434958528129
GC Start at	50434960235801
GC Ended at	50434962152834
GC Start at	50434964100315
GC Ended at	50434965309872
GC Start at	50434967135062
GC Ended at	50434968168141
GC Start at	50434969931022
GC Ended at	50434970972425
GC Start at	50434972782530
GC Ended at	50434973929199
GC Start at	50434975678996
GC Ended at	50434976744412
GC Start at	50434978470653
GC Ended at	50434979614184
GC Start at	50434981389539
GC Ended at	50434982437202
GC Start at	50434984220621
GC Ended at	50434985264752
GC Start at	50434987005255
GC Ended at	50434988171842
GC Start at	50434989916166
GC Ended at	50434990920845
GC Start at	50434992668615
GC Ended at	50434993809264
GC Start at	50434995552450
GC Ended at	50434996547952
GC Start at	50434998666617
GC Ended at	50435000092209
GC Start at	50435002015534
GC Ended at	50435003191922
GC Start at	50435005032569
GC Ended at	50435006052547
GC Start at	50435052610470
GC Ended at	50435054041621
GC Start at	50435069237509
GC Ended at	50435071872888
GC Start at	50435086544234
GC Ended at	50435088763859
GC Start at	50435105081827
GC Ended at	50435107163926
GC Start at	50435122569484
GC Ended at	50435124874341
GC Start at	50435139595692
GC Ended at	50435141813528
GC Start at	50435157334770
GC Ended at	50435159439747
GC Start at	50435175048883
GC Ended at	50435201560068
GC Start at	50435219535242
GC Ended at	50435224500116
GC Start at	50435241671392
GC Ended at	50435247679728
GC Start at	50435263551735
GC Ended at	50435271108502
GC Start at	50435273037801
GC Ended at	50435274784723
GC Start at	50435276650000
GC Ended at	50435277917134
GC Start at	50435279742144
GC Ended at	50435280927262
GC Start at	50435282794772
GC Ended at	50435284435400
GC Start at	50435286240360
GC Ended at	50435287389769
GC Start at	50435289640638
GC Ended at	50435292060004
GC Start at	50435293981592
GC Ended at	50435295134327
GC Start at	50435296911932
GC Ended at	50435298000303
GC Start at	50435299780806
GC Ended at	50435301234002
GC Start at	50435303015249
GC Ended at	50435304202028
GC Start at	50435306012344
GC Ended at	50435307505307
GC Start at	50435309671341
GC Ended at	50435312018732
GC Start at	50435313854197
GC Ended at	50435315121571
GC Start at	50435316898670
GC Ended at	50435318141940
GC Start at	50435319934649
GC Ended at	50435321081116
GC Start at	50435322837590
GC Ended at	50435324131496
GC Start at	50435383955976
GC Ended at	50435385476083
GC Start at	50435400862772
GC Ended at	50435403318951
GC Start at	50435418908045
GC Ended at	50435421179726
GC Start at	50435436162848
GC Ended at	50435438591876
GC Start at	50435454889153
GC Ended at	50435457113095
GC Start at	50435471511716
GC Ended at	50435473507984
GC Start at	50435488335808
GC Ended at	50435490631011
GC Start at	50435505316082
GC Ended at	50435507488780
GC Start at	50435522409747
GC Ended at	50435524563290
GC Start at	50435539414974
GC Ended at	50435562097336
GC Start at	50435576795981
GC Ended at	50435580237710
GC Start at	50435582663186
GC Ended at	50435584679601
GC Start at	50435587283396
GC Ended at	50435589427751
GC Start at	50435591700052
GC Ended at	50435593574946
GC Start at	50435595774450
GC Ended at	50435598873298
GC Start at	50435600999137
GC Ended at	50435603144115
GC Start at	50435605323705
GC Ended at	50435610749008
GC Start at	50435612926125
GC Ended at	50435614590824
GC Start at	50435616870619
GC Ended at	50435620493144
GC Start at	50435622587261
GC Ended at	50435624979136
GC Start at	50435628274797
GC Ended at	50435632429870
GC Start at	50435636884508
GC Ended at	50435640670114
GC Start at	50435642652076
GC Ended at	50435643928128
GC Start at	50435645806622
GC Ended at	50435647695996
GC Start at	50435649601695
GC Ended at	50435651565809
GC Start at	50435653616382
GC Ended at	50435655448096
GC Start at	50435657648332
GC Ended at	50435660148075
GC Start at	50435722560697
GC Ended at	50435724309441
GC Start at	50435740520745
GC Ended at	50435742761858
GC Start at	50435758349125
GC Ended at	50435760856647
GC Start at	50435776062182
GC Ended at	50435778150785
GC Start at	50435793707936
GC Ended at	50435796205397
GC Start at	50435811656255
GC Ended at	50435813860633
GC Start at	50435829015712
GC Ended at	50435831116793
GC Start at	50435846394220
GC Ended at	50435848839640
GC Start at	50435863880414
GC Ended at	50435866091628
GC Start at	50435881014516
GC Ended at	50435883123947
GC Start at	50435893863529
GC Ended at	50435897242247
GC Start at	50435898914961
GC Ended at	50435900559494
GC Start at	50435902474727
GC Ended at	50435903994008
GC Start at	50435905755766
GC Ended at	50435906819522
GC Start at	50435908586623
GC Ended at	50435915962361
GC Start at	50435918544390
GC Ended at	50435920418826
GC Start at	50435923109673
GC Ended at	50435924453287
GC Start at	50435927043554
GC Ended at	50435930810002
GC Start at	50435932617589
GC Ended at	50435933891574
GC Start at	50435935739696
GC Ended at	50435937342203
GC Start at	50435939239811
GC Ended at	50435940792110
GC Start at	50435942798021
GC Ended at	50435944062817
GC Start at	50435946000877
GC Ended at	50435948790154
GC Start at	50435950933979
GC Ended at	50435952263451
GC Start at	50435954251478
GC Ended at	50435955741604
GC Start at	50435957517346
GC Ended at	50435958566065
GC Start at	50435960366839
GC Ended at	50435962397651
GC Start at	50436022582881
GC Ended at	50436024767710
GC Start at	50436040197466
GC Ended at	50436045309467
Finish Compaction Start	50436045853657
GC Start at	50436063603648
GC Ended at	50436066264593
GC Start at	50436081361633
GC Ended at	50436083561738
GC Start at	50436098445524
GC Ended at	50436100680924
GC Start at	50436115686674
Finish Compaction Ended	50436117337558
GC Ended at	50436119309218
GC Start at	50436134631959
GC Ended at	50436138937305
GC Start at	50436153667811
GC Ended at	50436156818174
GC Start at	50436171879547
GC Ended at	50436174001894
GC Start at	50436189064935
GC Ended at	50436191696213
GC Start at	50436203078479
GC Ended at	50436206910978
GC Start at	50436208668621
GC Ended at	50436209834385
GC Start at	50436211583186
GC Ended at	50436212724876
GC Start at	50436214490783
GC Ended at	50436219810921
GC Start at	50436221840891
GC Ended at	50436223080682
GC Start at	50436225011304
GC Ended at	50436226160660
GC Start at	50436227912369
GC Ended at	50436235506409
GC Start at	50436237324572
GC Ended at	50436238480373
GC Start at	50436240483383
GC Ended at	50436253368447
GC Start at	50436255958210
GC Ended at	50436257361317
GC Start at	50436260149465
GC Ended at	50436261562494
GC Start at	50436264093300
GC Ended at	50436276431164
GC Start at	50436278276396
GC Ended at	50436279338058
GC Start at	50436281139611
GC Ended at	50436285193749
GC Start at	50436287002385
GC Ended at	50436288070267
GC Start at	50436289813103
GC Ended at	50436290904875
GC Start at	50436292700305
GC Ended at	50436296101301
Finish Compaction Start	50436302574345
GC Start at	50436346957290
GC Ended at	50436348684057
GC Start at	50436364161705
GC Ended at	50436366625555
Finish Compaction Ended	50436378414694
GC Start at	50436382334035
GC Ended at	50436399354513
GC Start at	50436414322460
GC Ended at	50436416551498
GC Start at	50436431037896
GC Ended at	50436442849222
GC Start at	50436457854670
GC Ended at	50436460763064
GC Start at	50436475587859
GC Ended at	50436479674652
GC Start at	50436495166300
GC Ended at	50436504164879
GC Start at	50436519560760
GC Ended at	50436533204049
GC Start at	50436547770143
GC Ended at	50436549982635
Finish Compaction Start	50436555052801
GC Start at	50436564339852
GC Ended at	50436566942250
GC Start at	50436568670024
GC Ended at	50436569876698
GC Start at	50436571729367
GC Ended at	50436573002010
GC Start at	50436574866247
GC Ended at	50436575998211
GC Start at	50436577802728
GC Ended at	50436578837689
GC Start at	50436580580142
GC Ended at	50436581982852
GC Start at	50436583782277
GC Ended at	50436584863394
GC Start at	50436586605020
GC Ended at	50436587758541
GC Start at	50436589506582
GC Ended at	50436590647276
GC Start at	50436592393250
GC Ended at	50436593428151
GC Start at	50436595219669
GC Ended at	50436596399650
GC Start at	50436598173043
GC Ended at	50436599222957
GC Start at	50436601010785
GC Ended at	50436602158010
GC Start at	50436603930742
GC Ended at	50436604993851
GC Start at	50436606737360
GC Ended at	50436607790315
GC Start at	50436609515063
GC Ended at	50436610698757
GC Start at	50436612449042
GC Ended at	50436613715646
Finish Compaction Ended	50436623153478
GC Start at	50436663880578
GC Ended at	50436675297564
Finish Compaction Start	50436678732496
GC Start at	50436691447327
GC Ended at	50436693934232
GC Start at	50436708578641
GC Ended at	50436710830423
Finish Compaction Ended	50436723669574
GC Start at	50436725632370
Do Compaction Ended	50436731459059
GC Ended at	50436733111355
Backgound Compaction Ended	50436739162834
Backgound Compaction Start	50436739184375
Backgound Compaction Ended	50436748156032
Backgound Compaction Start	50436748170850
GC Start at	50436750941495
GC Ended at	50436753211621
Backgound Compaction Ended	50436758027307
Backgound Compaction Start	50436758050408
Backgound Compaction Ended	50436767685632
Backgound Compaction Start	50436767700972
Do Compaction Start	50436767716290
GC Start at	50436768412725
GC Ended at	50436801907123
GC Start at	50436824424276
GC Ended at	50436828571986
GC Start at	50436850894743
GC Ended at	50436853133346
GC Start at	50436867696546
GC Ended at	50436877946946
GC Start at	50436892536468
GC Ended at	50436896122578
GC Start at	50436907649893
GC Ended at	50436909619329
GC Start at	50436911353649
GC Ended at	50436915908560
GC Start at	50436917772800
GC Ended at	50436919175205
GC Start at	50436921084309
GC Ended at	50436923012245
GC Start at	50436924921495
GC Ended at	50436926199486
GC Start at	50436928027453
GC Ended at	50436929119195
GC Start at	50436930972905
GC Ended at	50436935025041
GC Start at	50436936883621
GC Ended at	50436938283550
GC Start at	50436940286763
GC Ended at	50436954914771
GC Start at	50436956814040
GC Ended at	50436958126714
GC Start at	50436960082978
GC Ended at	50436962503004
GC Start at	50436964471493
GC Ended at	50436971090963
GC Start at	50436973381010
GC Ended at	50436974739686
GC Start at	50436976502763
GC Ended at	50436999346247
GC Start at	50437001999773
GC Ended at	50437003377112
GC Start at	50437005959671
GC Ended at	50437007260484
GC Start at	50437009887696
GC Ended at	50437022389772
Finish Compaction Start	50437055959121
GC Start at	50437085472046
GC Ended at	50437087253237
GC Start at	50437102317387
GC Ended at	50437104830031
GC Start at	50437119435221
GC Ended at	50437121688254
Finish Compaction Ended	50437135153967
GC Start at	50437136399226
GC Ended at	50437140880178
GC Start at	50437159225445
GC Ended at	50437162741885
GC Start at	50437177538724
GC Ended at	50437179836351
GC Start at	50437195052818
GC Ended at	50437198508663
GC Start at	50437213886381
GC Ended at	50437221829484
GC Start at	50437240296166
GC Ended at	50437243107546
Finish Compaction Start	50437247902965
GC Start at	50437259976803
GC Ended at	50437262367903
GC Start at	50437275072050
GC Ended at	50437277193398
GC Start at	50437278924336
GC Ended at	50437280188835
GC Start at	50437281927109
GC Ended at	50437283093336
GC Start at	50437284878473
GC Ended at	50437285895312
GC Start at	50437287666022
GC Ended at	50437288709664
GC Start at	50437290463267
GC Ended at	50437291620944
GC Start at	50437293362262
GC Ended at	50437294392270
GC Start at	50437296196535
GC Ended at	50437297396859
GC Start at	50437299149868
GC Ended at	50437300227288
GC Start at	50437301967711
GC Ended at	50437303012003
GC Start at	50437304751036
GC Ended at	50437305919048
GC Start at	50437307688544
GC Ended at	50437308759984
GC Start at	50437310548639
GC Ended at	50437311713850
GC Start at	50437313454819
GC Ended at	50437314512648
GC Start at	50437316261974
GC Ended at	50437317380466
GC Start at	50437319106778
GC Ended at	50437320343148
GC Start at	50437322086469
GC Ended at	50437323195407
Finish Compaction Ended	50437330430940
GC Start at	50437397535567
GC Ended at	50437401088701
GC Start at	50437418029894
GC Ended at	50437420363470
GC Start at	50437436709155
GC Ended at	50437445978175
GC Start at	50437461480078
GC Ended at	50437475593575
GC Start at	50437502180797
GC Ended at	50437505450866
GC Start at	50437520239047
GC Ended at	50437548831068
Finish Compaction Start	50437569777154
GC Start at	50437573998643
GC Ended at	50437577339352
GC Start at	50437600583704
GC Ended at	50437603073383
GC Start at	50437625125029
GC Ended at	50437627744195
GC Start at	50437645543548
Finish Compaction Ended	50437647381230
GC Ended at	50437673967305
GC Start at	50437688985351
GC Ended at	50437690975385
GC Start at	50437692614942
GC Ended at	50437693705173
GC Start at	50437696714373
GC Ended at	50437698074173
GC Start at	50437699864398
GC Ended at	50437700913696
GC Start at	50437702715823
GC Ended at	50437709830185
GC Start at	50437711725523
Finish Compaction Start	50437713437656
GC Ended at	50437713545452
GC Start at	50437736581319
GC Ended at	50437738069607
GC Start at	50437741410635
GC Ended at	50437742806926
Finish Compaction Ended	50437747478292
GC Start at	50437751654447
Do Compaction Ended	50437756354039
GC Ended at	50437757980457
Backgound Compaction Ended	50437765215573
Backgound Compaction Start	50437765237163
GC Start at	50437767442690
Backgound Compaction Ended	50437781214768
Backgound Compaction Start	50437781219176
GC Ended at	50437783757755
GC Start at	50437786563933
GC Ended at	50437794756503
GC Start at	50437797297749
GC Ended at	50437801100015
GC Start at	50437803118017
GC Ended at	50437805779720
GC Start at	50437807862991
GC Ended at	50437808828454
GC Start at	50437811390716
GC Ended at	50437812190941
GC Start at	50437814116603
GC Ended at	50437814797244
GC Start at	50437816840690
GC Ended at	50437817567371
GC Start at	50438346390502
GC Ended at	50438347247286
GC Start at	50438363854118
GC Ended at	50438365164372
GC Start at	50438386355699
GC Ended at	50438388140617
GC Start at	50438404238973
GC Ended at	50438405253806
GC Start at	50438420890139
GC Ended at	50438422028954
GC Start at	50438437611283
GC Ended at	50438438771339
GC Start at	50438454340289
GC Ended at	50438455433568
GC Start at	50438471011361
GC Ended at	50438472129488
GC Start at	50438487903215
GC Ended at	50438489011534
GC Start at	50438504577392
GC Ended at	50438505855582
GC Start at	50438512733554
GC Ended at	50438513540284
GC Start at	50438515163325
GC Ended at	50438515624484
GC Start at	50438517311821
GC Ended at	50438517825761
GC Start at	50438519736113
GC Ended at	50438520686716
Backgound Compaction Ended	50438521304635
Backgound Compaction Start	50438521329675
GC Start at	50438522804723
GC Ended at	50438523349603
GC Start at	50438525238613
GC Ended at	50438525773365
GC Start at	50438527515285
GC Ended at	50438527908355
GC Start at	50438529621795
GC Ended at	50438530131050
GC Start at	50438531869707
GC Ended at	50438532332038
GC Start at	50438534056809
GC Ended at	50438534507314
GC Start at	50438536214745
GC Ended at	50438536647467
GC Start at	50438538367161
GC Ended at	50438539162628
GC Start at	50438540893225
GC Ended at	50438543421122
GC Start at	50438545293627
GC Ended at	50438547825219
GC Start at	50438549582117
GC Ended at	50438551959625
GC Start at	50438553747754
GC Ended at	50438556280928
GC Start at	50438558039890
Backgound Compaction Ended	50438560974764
Backgound Compaction Start	50438560990111
GC Ended at	50438561211396
GC Start at	50438671166237
GC Ended at	50438673374648
GC Start at	50438690722279
GC Ended at	50438693284995
GC Start at	50438718683390
GC Ended at	50439010412752
GC Start at	50439025998234
GC Ended at	50439027127913
GC Start at	50439045249577
GC Ended at	50439047041035
GC Start at	50439063172803
GC Ended at	50439064194919
GC Start at	50439079766726
GC Ended at	50439080921750
GC Start at	50439096419045
GC Ended at	50439097472910
GC Start at	50439112937473
GC Ended at	50439114036708
GC Start at	50439127349461
GC Ended at	50439128424111
GC Start at	50439130011758
GC Ended at	50439130566004
GC Start at	50439132268046
GC Ended at	50439132750535
GC Start at	50439134462413
GC Ended at	50439134892443
GC Start at	50439136688456
GC Ended at	50439137128419
GC Start at	50439139109557
GC Ended at	50439139617568
GC Start at	50439141663029
GC Ended at	50439142167950
GC Start at	50439144274228
GC Ended at	50439144732692
GC Start at	50439146686768
GC Ended at	50439147139558
GC Start at	50439149083356
GC Ended at	50439149536127
GC Start at	50439151474145
GC Ended at	50439151933244
GC Start at	50439153858324
GC Ended at	50439154320610
GC Start at	50439156281841
GC Ended at	50439156712913
GC Start at	50439158447947
GC Ended at	50439158857106
GC Start at	50439160576432
GC Ended at	50439161001069
GC Start at	50439162700275
GC Ended at	50439163110887
GC Start at	50439164833468
GC Ended at	50439165234245
GC Start at	50439214970267
GC Ended at	50439215815732
GC Start at	50439231745528
GC Ended at	50439232903655
GC Start at	50439248605141
GC Ended at	50439249639220
Backgound Compaction Ended	50439253543675
Backgound Compaction Start	50439253567437
Backgound Compaction Ended	50439265077457
Backgound Compaction Start	50439265089535
GC Start at	50439268273083
GC Ended at	50439269877596
GC Start at	50439288154358
GC Ended at	50439289964584
GC Start at	50439308824742
GC Ended at	50439311478445
GC Start at	50439331537777
GC Ended at	50439333681372
GC Start at	50439353195932
GC Ended at	50439357668399
GC Start at	50439374474411
GC Ended at	50439376451265
GC Start at	50439392824628
GC Ended at	50439394548516
GC Start at	50439403627322
GC Ended at	50439405577449
GC Start at	50439407771891
GC Ended at	50439409223230
GC Start at	50439411346693
GC Ended at	50439413170715
GC Start at	50439415518057
GC Ended at	50439416655139
GC Start at	50439418451659
GC Ended at	50439420110867
GC Start at	50439421934137
GC Ended at	50439715143097
GC Start at	50439718088264
GC Ended at	50439720512266
GC Start at	50439723159155
GC Ended at	50439724457857
GC Start at	50439727008735
GC Ended at	50439728318437
GC Start at	50439730992170
GC Ended at	50439734731136
GC Start at	50439737037985
GC Ended at	50439738482871
GC Start at	50439740727205
GC Ended at	50439742166792
GC Start at	50439744183745
GC Ended at	50439745409938
GC Start at	50439747308580
GC Ended at	50439748339287
GC Start at	50439750141215
GC Ended at	50439751318430
GC Start at	50439753085238
GC Ended at	50439754141286
GC Start at	50439755910218
GC Ended at	50439757040439
Backgound Compaction Ended	50439812701603
Backgound Compaction Start	50439812720431
GC Start at	50439812767451
Backgound Compaction Ended	50439855098013
Backgound Compaction Start	50439855120012
GC Ended at	50439861735886
GC Start at	50439884249902
GC Ended at	50439887513356
GC Start at	50439905824862
GC Ended at	50439912036260
GC Start at	50439930980907
GC Ended at	50439934986800
GC Start at	50439953616481
GC Ended at	50439963023290
GC Start at	50439980368257
GC Ended at	50439983126433
GC Start at	50440000117985
GC Ended at	50440288067542
GC Start at	50440306477362
GC Ended at	50440311325717
GC Start at	50440328814406
GC Ended at	50440331814090
GC Start at	50440345844203
GC Ended at	50440347906726
GC Start at	50440349551135
GC Ended at	50440350802425
GC Start at	50440352523768
GC Ended at	50440353589982
GC Start at	50440355333194
GC Ended at	50440356536794
GC Start at	50440358303324
GC Ended at	50440359355979
GC Start at	50440361172484
GC Ended at	50440362202650
GC Start at	50440363969229
GC Ended at	50440365160466
GC Start at	50440366933445
GC Ended at	50440367998005
GC Start at	50440369729326
GC Ended at	50440370911656
GC Start at	50440372686507
GC Ended at	50440373749289
GC Start at	50440375484139
GC Ended at	50440376542712
GC Start at	50440378325245
GC Ended at	50440379488814
GC Start at	50440381320472
GC Ended at	50440382373536
GC Start at	50440384156914
GC Ended at	50440385326616
GC Start at	50440387092080
GC Ended at	50440388155737
GC Start at	50440389891959
GC Ended at	50440390898194
GC Start at	50440392631485
GC Ended at	50440393795396
GC Start at	50440439950077
GC Ended at	50440443854355
GC Start at	50440460885235
GC Ended at	50440464085923
GC Start at	50440482916020
GC Ended at	50440533449810
Backgound Compaction Ended	50440535842527
Backgound Compaction Start	50440535858920
GC Start at	50440550247078
Backgound Compaction Ended	50440560144363
Backgound Compaction Start	50440560169012
GC Ended at	50440564548319
GC Start at	50440582642609
GC Ended at	50440594410132
GC Start at	50440617343753
GC Ended at	50440623366700
GC Start at	50440643099208
GC Ended at	50440649048418
GC Start at	50440670307573
GC Ended at	50440673366627
GC Start at	50440690194625
GC Ended at	50440693662634
GC Start at	50440709906336
GC Ended at	50441103628946
GC Start at	50441113014661
GC Ended at	50441115356404
GC Start at	50441117021561
GC Ended at	50441118145085
GC Start at	50441120117854
GC Ended at	50441123159016
GC Start at	50441125289056
GC Ended at	50441127090578
GC Start at	50441128985608
GC Ended at	50441130630141
GC Start at	50441132405454
GC Ended at	50441133576787
GC Start at	50441135720341
GC Ended at	50441138236116
GC Start at	50441142863601
GC Ended at	50441144509788
GC Start at	50441146447036
GC Ended at	50441147772156
GC Start at	50441149760451
GC Ended at	50441151353119
GC Start at	50441153287142
GC Ended at	50441154362018
GC Start at	50441156137835
GC Ended at	50441157291261
GC Start at	50441159047491
GC Ended at	50441160339691
GC Start at	50441162101524
GC Ended at	50441163179992
GC Start at	50441164919503
GC Ended at	50441166095823
GC Start at	50441167871001
GC Ended at	50441168955896
GC Start at	50441170852549
GC Ended at	50441171921509
GC Start at	50441222601777
GC Ended at	50441224701966
GC Start at	50441240446016
GC Ended at	50441243207398
GC Start at	50441258715420
GC Ended at	50441261185064
GC Start at	50441277121352
GC Ended at	50441279816559
GC Start at	50441295511837
GC Ended at	50441298027502
GC Start at	50441313680487
GC Ended at	50441316084996
GC Start at	50441331466315
GC Ended at	50441334034206
GC Start at	50441349250204
GC Ended at	50441351803615
GC Start at	50441367328254
GC Ended at	50441369799638
GC Start at	50441386369533
GC Ended at	50441389414919
GC Start at	50441392620248
GC Ended at	50441394114331
GC Start at	50441396496909
GC Ended at	50441398088502
GC Start at	50441399785854
GC Ended at	50441401055393
GC Start at	50441403550897
GC Ended at	50441426623073
Backgound Compaction Ended	50441428800457
Backgound Compaction Start	50441428822291
GC Start at	50441429559584
Backgound Compaction Ended	50441514126008
Backgound Compaction Start	50441514138834
GC Ended at	50441515571853
GC Start at	50441517842392
GC Ended at	50441520982924
GC Start at	50441523105219
GC Ended at	50441775036919
GC Start at	50441777423119
GC Ended at	50441779971825
GC Start at	50441782340716
GC Ended at	50441804799874
GC Start at	50441806929877
GC Ended at	50441808539877
GC Start at	50441811005876
GC Ended at	50441817452656
GC Start at	50441819432877
GC Ended at	50441820949651
GC Start at	50441822954710
GC Ended at	50441827376363
GC Start at	50441829385834
GC Ended at	50441831606856
GC Start at	50441833595120
GC Ended at	50441838929887
GC Start at	50441841237762
GC Ended at	50442070304805
GC Start at	50442072722058
GC Ended at	50442077543025
GC Start at	50442629309368
GC Ended at	50442634047154
GC Start at	50442650147937
GC Ended at	50442654989592
GC Start at	50442673949766
GC Ended at	50442676692204
GC Start at	50442693384103
GC Ended at	50442697515071
GC Start at	50442714566346
GC Ended at	50442716957349
GC Start at	50442732360370
GC Ended at	50442734920231
GC Start at	50442750257302
GC Ended at	50442753336473
GC Start at	50442769615464
GC Ended at	50442772464261
GC Start at	50442788269740
GC Ended at	50442790804530
GC Start at	50442804194691
GC Ended at	50442806604515
GC Start at	50442808211114
GC Ended at	50442809538147
GC Start at	50442811316956
GC Ended at	50442812592880
GC Start at	50442814335393
GC Ended at	50442815672013
GC Start at	50442817451167
GC Ended at	50442818811959
GC Start at	50442820749087
GC Ended at	50442822219753
GC Start at	50442824102791
GC Ended at	50442825475286
GC Start at	50442827335697
GC Ended at	50442828658236
GC Start at	50442830598982
GC Ended at	50442832118023
GC Start at	50442833987866
GC Ended at	50442835346907
GC Start at	50442837325219
GC Ended at	50442838775769
GC Start at	50442840628096
GC Ended at	50442841865868
GC Start at	50442843721799
GC Ended at	50442845059235
GC Start at	50442846988347
GC Ended at	50442848503219
GC Start at	50442850293753
GC Ended at	50442851526425
GC Start at	50442853303693
GC Ended at	50442854660084
GC Start at	50442856438257
GC Ended at	50442857670332
GC Start at	50442900026941
GC Ended at	50442902082786
GC Start at	50442918144151
GC Ended at	50442956867031
GC Start at	50442990363116
GC Ended at	50442992846233
GC Start at	50443008274170
GC Ended at	50443010783071
GC Start at	50443028404796
GC Ended at	50443030862922
GC Start at	50443052370830
GC Ended at	50443054719119
GC Start at	50443069946173
GC Ended at	50443072207892
GC Start at	50443087662165
GC Ended at	50443089881365
GC Start at	50443105500091
GC Ended at	50443108037937
GC Start at	50443123354677
GC Ended at	50443125883631
GC Start at	50443135461559
GC Ended at	50443137405801
GC Start at	50443139027959
GC Ended at	50443140391806
GC Start at	50443142145157
GC Ended at	50443143377702
GC Start at	50443145224144
GC Ended at	50443146409935
GC Start at	50443148164000
GC Ended at	50443149471646
GC Start at	50443151242081
GC Ended at	50443152424775
GC Start at	50443154177119
GC Ended at	50443155466305
GC Start at	50443157253246
GC Ended at	50443158402960
GC Start at	50443160128479
GC Ended at	50443161266099
GC Start at	50443163010667
GC Ended at	50443164333428
GC Start at	50443166114427
GC Ended at	50443167299681
GC Start at	50443169056786
GC Ended at	50443170716306
GC Start at	50443172469999
GC Ended at	50443173655632
GC Start at	50443175418270
GC Ended at	50443176587130
GC Start at	50443178437905
Backgound Compaction Ended	50443185610137
Backgound Compaction Start	50443185653531
Do Compaction Start	50443185789464
GC Ended at	50443185923272
GC Start at	50443188239396
GC Ended at	50443441730236
GC Start at	50443444304399
GC Ended at	50443568095050
GC Start at	50443902961756
GC Ended at	50443905302559
GC Start at	50443920957780
GC Ended at	50444324820215
GC Start at	50444340549631
GC Ended at	50444761001124
GC Start at	50444781459896
GC Ended at	50444786509452
GC Start at	50444803239161
GC Ended at	50444808897415
GC Start at	50444824395161
GC Ended at	50444829928914
GC Start at	50444845639570
GC Ended at	50444847971545
GC Start at	50444863184476
GC Ended at	50444865686759
GC Start at	50444881276594
GC Ended at	50444883798873
GC Start at	50444898893234
GC Ended at	50444901304677
GC Start at	50444906531705
GC Ended at	50444908227216
GC Start at	50444909940957
GC Ended at	50444911463936
GC Start at	50444913231812
GC Ended at	50444914520213
GC Start at	50444916330029
GC Ended at	50444917532393
GC Start at	50444919294372
GC Ended at	50444920503331
GC Start at	50444922247096
GC Ended at	50444923704451
GC Start at	50444925491708
GC Ended at	50444926672139
GC Start at	50444928418643
GC Ended at	50444929714917
GC Start at	50444931505470
GC Ended at	50444932736752
GC Start at	50444934522046
GC Ended at	50444935796103
GC Start at	50444937539085
GC Ended at	50444938830368
GC Start at	50444940814957
GC Ended at	50444942816546
GC Start at	50444945918833
GC Ended at	50444948244574
GC Start at	50444951317018
GC Ended at	50444959420049
GC Start at	50444962735827
GC Ended at	50444965032684
GC Start at	50444968292865
GC Ended at	50444971404641
GC Start at	50444974533482
GC Ended at	50444976664567
GC Start at	50445053851719
GC Ended at	50445056457623
GC Start at	50445071895407
GC Ended at	50445074650712
GC Start at	50445089982063
GC Ended at	50445092528706
GC Start at	50445107969207
GC Ended at	50445110641696
GC Start at	50445126064518
GC Ended at	50445128794145
GC Start at	50445144324015
GC Ended at	50445146957390
GC Start at	50445165651542
GC Ended at	50445169367763
GC Start at	50445185935872
GC Ended at	50445188517104
GC Start at	50445214421187
GC Ended at	50445218756601
GC Start at	50445243743845
GC Ended at	50445249140159
GC Start at	50445251852453
GC Ended at	50445253938449
GC Start at	50445257187212
GC Ended at	50445259823282
GC Start at	50445263056443
GC Ended at	50445265379264
GC Start at	50445268611019
GC Ended at	50445271231328
GC Start at	50445274422594
GC Ended at	50445276774698
GC Start at	50445279904764
GC Ended at	50445281934156
GC Start at	50445283726358
GC Ended at	50445285014544
GC Start at	50445286769669
GC Ended at	50445287941705
GC Start at	50445289681573
GC Ended at	50445290997434
GC Start at	50445292757673
GC Ended at	50445294069517
GC Start at	50445295813116
GC Ended at	50445296974701
GC Start at	50445298717041
GC Ended at	50445300033481
GC Start at	50445301792033
GC Ended at	50445302989402
GC Start at	50445304765535
GC Ended at	50445306087814
GC Start at	50445307847355
GC Ended at	50445308989590
GC Start at	50445310781972
GC Ended at	50445311941660
GC Start at	50445364031041
GC Ended at	50445440387416
GC Start at	50445472749050
GC Ended at	50445482179475
GC Start at	50445515767700
GC Ended at	50445520775896
GC Start at	50445552332607
GC Ended at	50445554861557
GC Start at	50445569877630
GC Ended at	50445572315932
GC Start at	50445587731783
GC Ended at	50445590098449
GC Start at	50445605358183
GC Ended at	50445607900737
GC Start at	50445623218781
GC Ended at	50445625762001
GC Start at	50445640894994
GC Ended at	50445643268703
GC Start at	50445659090529
GC Ended at	50445662121834
GC Start at	50445672010539
GC Ended at	50445673996206
GC Start at	50445675739572
GC Ended at	50445677065260
GC Start at	50445678827570
GC Ended at	50445680098282
GC Start at	50445681861047
GC Ended at	50445683173319
GC Start at	50445684924663
GC Ended at	50445687251655
GC Start at	50445689518658
GC Ended at	50445691485722
GC Start at	50445694416209
GC Ended at	50445696578407
GC Start at	50445699830625
GC Ended at	50445702079916
GC Start at	50445705341886
GC Ended at	50445707865022
GC Start at	50445715693989
GC Ended at	50445718695014
GC Start at	50445792412897
GC Ended at	50445794005625
GC Start at	50445797232592
GC Ended at	50445798640635
GC Start at	50445804193753
GC Ended at	50445805702751
GC Start at	50445933103542
GC Ended at	50445934885060
GC Start at	50445952082549
GC Ended at	50445955169090
GC Start at	50445955355455
GC Ended at	50445983823787
GC Start at	50445988436812
GC Ended at	50445992162722
GC Start at	50445995335555
GC Ended at	50445997529854
GC Start at	50446110443522
GC Ended at	50446111693883
GC Start at	50446127565065
GC Ended at	50446129085755
GC Start at	50446145040500
GC Ended at	50446146167973
GC Start at	50446161717051
GC Ended at	50446162893688
GC Start at	50446178551137
GC Ended at	50446179809420
GC Start at	50446199318941
GC Ended at	50446201467493
GC Start at	50446229918730
GC Ended at	50446231995248
GC Start at	50446268448292
GC Ended at	50446270987272
GC Start at	50446299210572
GC Ended at	50446302356455
GC Start at	50446313442326
GC Ended at	50446314460451
GC Start at	50446316059407
GC Ended at	50446316556492
GC Start at	50446694172965
GC Ended at	50446695204277
GC Start at	50446698148631
GC Ended at	50446698817020
GC Start at	50446701975531
GC Ended at	50446702730803
GC Start at	50446705580530
GC Ended at	50446706889626
GC Start at	50446711548958
GC Ended at	50446712618016
GC Start at	50446715580514
GC Ended at	50446716409587
GC Start at	50446719592743
GC Ended at	50446720567226
GC Start at	50446723516233
GC Ended at	50446724284206
GC Start at	50446727209688
GC Ended at	50446727939540
GC Start at	50446730922106
GC Ended at	50446731682376
GC Start at	50446734666562
GC Ended at	50446735559371
GC Start at	50446738432364
GC Ended at	50446739278013
GC Start at	50446742385723
GC Ended at	50446743154508
GC Start at	50446745968123
GC Ended at	50446746710069
GC Start at	50446749344339
GC Ended at	50446750169255
GC Start at	50446955626906
GC Ended at	50446956993629
GC Start at	50446985722443
GC Ended at	50446987818153
GC Start at	50447027563751
GC Ended at	50447030833842
GC Start at	50447055105646
GC Ended at	50447056809830
GC Start at	50447072642349
GC Ended at	50447073852747
GC Start at	50447089465502
GC Ended at	50447090812618
GC Start at	50447106433242
GC Ended at	50447219566869
GC Start at	50447238882827
GC Ended at	50447240018219
GC Start at	50447260045577
GC Ended at	50447275504939
GC Start at	50447291524319
GC Ended at	50447293294548
GC Start at	50447298283119
GC Ended at	50447299013193
GC Start at	50447300904758
GC Ended at	50447301371122
GC Start at	50447302982929
GC Ended at	50447303467373
GC Start at	50447305177875
GC Ended at	50447305628443
GC Start at	50447307403294
GC Ended at	50447308092236
GC Start at	50447309869830
GC Ended at	50447410227946
GC Start at	50447412994044
GC Ended at	50447416834019
GC Start at	50447419506391
GC Ended at	50447423515268
GC Start at	50447426100363
GC Ended at	50447429964904
GC Start at	50447431871952
GC Ended at	50447434550315
GC Start at	50447443790992
GC Ended at	50447446581499
GC Start at	50447449332896
GC Ended at	50447451574468
GC Start at	50447454230673
GC Ended at	50447456368248
GC Start at	50447459034146
GC Ended at	50447459744463
GC Start at	50447462115429
GC Ended at	50447462773524
GC Start at	50447465041019
GC Ended at	50447465686431
GC Start at	50447468044638
GC Ended at	50447495659015
GC Start at	50447724718997
GC Ended at	50447792852433
GC Start at	50447810560548
GC Ended at	50447812730235
GC Start at	50447835685678
GC Ended at	50447838462983
GC Start at	50447854187236
GC Ended at	50447855209840
GC Start at	50447870689718
GC Ended at	50447872206860
GC Start at	50447887973657
GC Ended at	50447889083039
GC Start at	50447904605397
GC Ended at	50447905685016
GC Start at	50447921712194
GC Ended at	50448011208921
GC Start at	50448027425418
GC Ended at	50448096147997
GC Start at	50448107606314
GC Ended at	50448108567400
GC Start at	50448110235898
GC Ended at	50448110704711
GC Start at	50448112380184
GC Ended at	50448112872193
GC Start at	50448114876477
GC Ended at	50448115577760
GC Start at	50448117389433
GC Ended at	50448117908529
GC Start at	50448119684703
GC Ended at	50448120143791
GC Start at	50448121872103
GC Ended at	50448122353972
GC Start at	50448124096357
GC Ended at	50448138786742
GC Start at	50448140646559
GC Ended at	50448141103347
GC Start at	50448142887623
GC Ended at	50448144025093
GC Start at	50448145994604
GC Ended at	50448146493189
GC Start at	50448148303588
GC Ended at	50448148736024
GC Start at	50448151222767
GC Ended at	50448202645145
GC Start at	50448205205926
GC Ended at	50448206026129
GC Start at	50448208432090
GC Ended at	50448209162494
GC Start at	50448211606031
GC Ended at	50448212544238
GC Start at	50448215453653
GC Ended at	50448217058603
GC Start at	50449081095117
GC Ended at	50449144125563
GC Start at	50449161853442
GC Ended at	50449222776108
GC Start at	50449241007390
GC Ended at	50449280692769
GC Start at	50449297458878
GC Ended at	50449341250707
GC Start at	50449356862699
GC Ended at	50449357864123
GC Start at	50449373246915
GC Ended at	50449374286502
GC Start at	50449389857700
GC Ended at	50449441114716
GC Start at	50449461253403
GC Ended at	50449462882540
GC Start at	50449484486812
GC Ended at	50449673222023
GC Start at	50449689156141
GC Ended at	50449783071672
GC Start at	50449788815312
GC Ended at	50449831985746
GC Start at	50449833766569
GC Ended at	50449834267578
GC Start at	50449835994905
GC Ended at	50449836400204
GC Start at	50449838135046
GC Ended at	50449868407457
GC Start at	50449870239448
GC Ended at	50449930404791
GC Start at	50449933233018
GC Ended at	50450110197083
GC Start at	50450112862056
GC Ended at	50450114252845
GC Start at	50450116915116
GC Ended at	50450118436046
GC Start at	50450120991389
GC Ended at	50450122406072
GC Start at	50450124965812
GC Ended at	50450126515285
GC Start at	50450129058760
GC Ended at	50450130716562
GC Start at	50450132548791
GC Ended at	50450134211968
GC Start at	50450135971385
GC Ended at	50450238136933
GC Start at	50450240870742
GC Ended at	50450250978317
GC Start at	50450253570861
GC Ended at	50450255430813
GC Start at	50450257345896
GC Ended at	50450495140115
GC Start at	50450497942742
GC Ended at	50450516931982
GC Start at	50458299403729
GC Ended at	50458452564056
GC Start at	50458514595266
GC Ended at	50458534188850
GC Start at	50458549737511
GC Ended at	50458572950660
GC Start at	50458588825324
GC Ended at	50458591435941
GC Start at	50458606825700
GC Ended at	50458609224632
GC Start at	50458738587963
GC Ended at	50458754544182
GC Start at	50458770277058
GC Ended at	50458809574654
GC Start at	50458825486508
GC Ended at	50458941531321
GC Start at	50458960490150
GC Ended at	50458969532064
GC Start at	50458986500274
GC Ended at	50459020466504
GC Start at	50459022832125
GC Ended at	50459025948271
GC Start at	50459027908447
GC Ended at	50459072155038
GC Start at	50459074285605
GC Ended at	50459191724202
GC Start at	50459194766473
GC Ended at	50459196478064
GC Start at	50459199248601
GC Ended at	50459218728925
GC Start at	50459220725716
GC Ended at	50459226358084
GC Start at	50459228349061
GC Ended at	50459379006721
GC Start at	50459380897038
GC Ended at	50459460948512
GC Start at	50459463006329
GC Ended at	50459467169173
GC Start at	50459469041955
GC Ended at	50459673315146
GC Start at	50459678132197
GC Ended at	50459732084517
GC Start at	50459735106494
GC Ended at	50459803944641
GC Start at	50459806612684
GC Ended at	50459807972240
GC Start at	50459810645920
GC Ended at	50459812015363
GC Start at	50459814407212
GC Ended at	50459872867250
GC Start at	50459897227429
GC Ended at	50459940651837
GC Start at	50462773327328
GC Ended at	50462775751602
GC Start at	50463195665197
GC Ended at	50463226300664
GC Start at	50463242517523
GC Ended at	50463245070983
GC Start at	50463261740108
GC Ended at	50463263990447
GC Start at	50463279963622
GC Ended at	50463282255082
GC Start at	50463298465371
GC Ended at	50463301230921
GC Start at	50463316771280
GC Ended at	50463319147770
GC Start at	50463334358037
GC Ended at	50463336627854
GC Start at	50463390394504
GC Ended at	50463445255586
GC Start at	50463463917225
GC Ended at	50463467665665
GC Start at	50464216040907
GC Ended at	50464218432974
GC Start at	50464221880828
GC Ended at	50464228685950
GC Start at	50464230594250
GC Ended at	50464272496340
GC Start at	50464274735687
GC Ended at	50464403012157
GC Start at	50464404943441
GC Ended at	50464406047825
GC Start at	50464407863455
GC Ended at	50464408924102
GC Start at	50464410991658
GC Ended at	50464412475602
GC Start at	50464414407562
GC Ended at	50464415480998
GC Start at	50464417277819
GC Ended at	50464418540898
GC Start at	50464420303467
GC Ended at	50464421450855
GC Start at	50464423234973
GC Ended at	50464777940837
GC Start at	50464780071005
GC Ended at	50464781975607
GC Start at	50464784083103
GC Ended at	50465129573571
GC Start at	50465131888496
GC Ended at	50465205389921
GC Start at	50465207436946
GC Ended at	50465388755129
GC Start at	50465391469355
GC Ended at	50465444698185
GC Start at	50465447266046
GC Ended at	50465448889636
GC Start at	50471204611038
GC Ended at	50471248905920
GC Start at	50471408126872
GC Ended at	50471648289370
GC Start at	50471664102782
GC Ended at	50471854002788
GC Start at	50471922373297
GC Ended at	50472258911654
GC Start at	50472281678744
GC Ended at	50472336881273
GC Start at	50472352914655
GC Ended at	50472566291994
GC Start at	50472582029403
GC Ended at	50472901854623
GC Start at	50472917389436
GC Ended at	50473141644194
GC Start at	50473163262954
GC Ended at	50473380585721
GC Start at	50473452750884
GC Ended at	50473612694573
GC Start at	50473615729196
GC Ended at	50473652270592
GC Start at	50473654814386
GC Ended at	50473908921700
GC Start at	50473911364110
GC Ended at	50473944019443
GC Start at	50473946219428
GC Ended at	50474192524130
GC Start at	50474195419892
GC Ended at	50474272231414
GC Start at	50474274633709
GC Ended at	50474325477058
GC Start at	50474327423596
GC Ended at	50474468669903
GC Start at	50474470853413
GC Ended at	50474523691011
GC Start at	50474526026466
GC Ended at	50474719641127
GC Start at	50474721919802
GC Ended at	50475195066680
GC Start at	50475197200786
GC Ended at	50475228928586
GC Start at	50475257183179
GC Ended at	50475504517877
GC Start at	50475506534228
GC Ended at	50475854035579
GC Start at	50475856243505
GC Ended at	50475857542985
GC Start at	50475859351113
GC Ended at	50476079728031
GC Start at	50476082280168
GC Ended at	50476083423594
GC Start at	50484505126073
GC Ended at	50484612759292
GC Start at	50484978346842
GC Ended at	50485260658273
GC Start at	50485276175284
GC Ended at	50485278589162
GC Start at	50485294091783
GC Ended at	50485296390004
GC Start at	50485311816276
GC Ended at	50485314194803
GC Start at	50485330169718
GC Ended at	50485336802853
GC Start at	50485354655533
GC Ended at	50485357072538
GC Start at	50485373734606
GC Ended at	50485377006178
GC Start at	50485392849940
GC Ended at	50485395317360
GC Start at	50485410367943
GC Ended at	50485412841386
GC Start at	50485425500079
GC Ended at	50485427641642
GC Start at	50485429240826
GC Ended at	50485430685825
GC Start at	50485432431811
GC Ended at	50485433664908
GC Start at	50485435428639
GC Ended at	50485436623039
GC Start at	50485438393692
GC Ended at	50485439706103
GC Start at	50485441998800
GC Ended at	50485444206891
GC Start at	50485446412535
GC Ended at	50485448487599
GC Start at	50485450956405
GC Ended at	50485453113559
GC Start at	50485455440548
GC Ended at	50485457452697
GC Start at	50485459845670
GC Ended at	50485462085077
GC Start at	50485464015560
GC Ended at	50485465600543
GC Start at	50485467589768
GC Ended at	50485470568449
GC Start at	50485472907174
GC Ended at	50485475256771
GC Start at	50485477496647
GC Ended at	50485479089710
GC Start at	50485480942082
GC Ended at	50485482406751
GC Start at	50485484694306
GC Ended at	50485486119966
GC Start at	50485487898564
GC Ended at	50485489153029
GC Start at	50487032498507
GC Ended at	50487034528665
GC Start at	50487052816175
GC Ended at	50487055353509
GC Start at	50487072854491
GC Ended at	50487078406993
GC Start at	50487107230109
GC Ended at	50487210890396
GC Start at	50487226984912
GC Ended at	50487261272993
GC Start at	50487277004242
GC Ended at	50487447746237
GC Start at	50487464865758
GC Ended at	50487468793115
GC Start at	50487485497047
GC Ended at	50487599081630
GC Start at	50487614705684
GC Ended at	50487731683193
GC Start at	50487974886961
GC Ended at	50488335816866
GC Start at	50488440394351
GC Ended at	50488456308866
GC Start at	50488458100669
GC Ended at	50488508140587
GC Start at	50488510013827
GC Ended at	50488590544211
GC Start at	50488593505025
GC Ended at	50488595530403
GC Start at	50488597639706
GC Ended at	50488702875767
GC Start at	50488705246939
GC Ended at	50488707388429
GC Start at	50488709338053
GC Ended at	50488727331510
GC Start at	50488729372792
GC Ended at	50488732986001
GC Start at	50488734905526
GC Ended at	50488763834097
GC Start at	50488766424157
GC Ended at	50488932104200
GC Start at	50488934024604
GC Ended at	50488980336894
GC Start at	50488982298757
GC Ended at	50488983596598
GC Start at	50488985479335
GC Ended at	50488992105975
GC Start at	50488994326468
GC Ended at	50488996876651
GC Start at	50488999070315
GC Ended at	50489014653460
GC Start at	50489016708515
GC Ended at	50489203516276
GC Start at	50489205484092
GC Ended at	50489231229901
GC Start at	50494994275920
GC Ended at	50495235529204
GC Start at	50495255752553
GC Ended at	50495453290687
GC Start at	50495476643293
GC Ended at	50495570365196
GC Start at	50495602328810
GC Ended at	50495694062215
GC Start at	50495711406412
GC Ended at	50495714729067
GC Start at	50495759573750
GC Ended at	50495976384215
GC Start at	50495991647023
GC Ended at	50496226903911
GC Start at	50496242307651
GC Ended at	50496478383911
GC Start at	50496601711834
GC Ended at	50496606638747
GC Start at	50496622160436
GC Ended at	50496692819748
GC Start at	50496696738900
GC Ended at	50496828111212
GC Start at	50496830113813
GC Ended at	50496833947785
GC Start at	50496836078956
GC Ended at	50496866449823
GC Start at	50496868914796
GC Ended at	50496940865411
GC Start at	50496943514739
GC Ended at	50496946014207
GC Start at	50496947967385
GC Ended at	50496973319292
GC Start at	50496975770751
GC Ended at	50496978337515
GC Start at	50496980826006
GC Ended at	50496982859471
GC Start at	50496984889762
GC Ended at	50497246748916
GC Start at	50497248628933
GC Ended at	50497250148123
GC Start at	50497252750641
GC Ended at	50497444415538
GC Start at	50497446795515
GC Ended at	50497448409262
GC Start at	50497450394452
GC Ended at	50497535809070
GC Start at	50497538927426
GC Ended at	50497540180925
GC Start at	50497542100293
GC Ended at	50497543317794
GC Start at	50497545510203
GC Ended at	50497547209028
GC Start at	50498165581093
GC Ended at	50498167206212
GC Start at	50498186650801
GC Ended at	50498188825152
GC Start at	50498205798289
GC Ended at	50498208903304
GC Start at	50498224369397
GC Ended at	50498226690230
GC Start at	50498242364861
GC Ended at	50498244635700
GC Start at	50498259950377
GC Ended at	50498262401265
GC Start at	50498428532887
GC Ended at	50498430915217
GC Start at	50498446411348
GC Ended at	50498449329865
GC Start at	50498613762463
GC Ended at	50498966985079
GC Start at	50498982848574
GC Ended at	50499141634836
GC Start at	50499153115528
GC Ended at	50499191457530
GC Start at	50499194154363
GC Ended at	50499196638085
GC Start at	50499198939590
GC Ended at	50499201097015
GC Start at	50499203247819
GC Ended at	50499205331946
GC Start at	50499207345701
GC Ended at	50499406785269
GC Start at	50499410506429
GC Ended at	50499413996958
GC Start at	50499416349872
GC Ended at	50499460807944
GC Start at	50499463818756
GC Ended at	50499691935391
GC Start at	50499694107806
GC Ended at	50499714703326
GC Start at	50499716792114
GC Ended at	50499718231202
GC Start at	50499720273976
GC Ended at	50499929113891
GC Start at	50499931258136
GC Ended at	50499933255419
GC Start at	50499935287088
GC Ended at	50499972937986
GC Start at	50499975222870
GC Ended at	50500027564408
GC Start at	50500030204063
GC Ended at	50500031433989
GC Start at	50500033261964
GC Ended at	50500034419945
GC Start at	50500036179121
GC Ended at	50500292395279
Trace End	51030654513282

